velocity,density
0.0,-11.959860627275942
264.0858152166346,-11.475602334857117
285.2464671223917,-11.003998523054372
299.0949565772838,-10.866195474888114
307.75465401421246,-10.823605412634024
315.06570471352586,-10.799767465890971
322.00015694946336,-10.777248077487709
328.6673383563058,-10.755723481245473
335.10337724924995,-10.735248823140212
341.35866087858346,-10.715869341947586
347.4620055678064,-10.697168188491725
353.4284883522864,-10.67893173204633
359.2990761326493,-10.662666885323187
365.1301980975733,-10.64903475493247
370.9441501136836,-10.63800910767591
376.7462698426298,-10.629090218369237
382.54128798025755,-10.622205922090686
388.3379711512359,-10.616886016304466
394.14426397081473,-10.61316047217481
399.971238752791,-10.611012091946874
405.83888754586076,-10.610062850059448
411.7539298469322,-10.61051205826638
417.72821865647285,-10.612034983551313
423.77020974685905,-10.614713520135869
429.88974020826583,-10.618563087470461
436.1093216202586,-10.62317276023583
442.4357082514313,-10.62884443717569
448.8821420480449,-10.635344642590075
455.4589063639247,-10.64292843709627
462.17840125239815,-10.651792568066579
469.0700237039318,-10.66163709264634
476.14231667318745,-10.672836421466526
483.4069509516465,-10.685550279225348
490.8942099911173,-10.699322489148548
498.6086035148166,-10.71430389976645
506.55749135744406,-10.730286744240493
514.7685725822938,-10.746431493067835
523.2394481122687,-10.762540432551418
531.9709392228141,-10.778040485275879
540.9836496156137,-10.791885735111546
550.2593832851278,-10.804077269114092
559.7760362356217,-10.814665304069925
569.5246261568354,-10.82341978846338
579.4578816319182,-10.830997468442632
589.5409898287882,-10.837608527894197
599.7622976876115,-10.84346576775844
610.1170020716822,-10.848305822288259
620.5770059073503,-10.852954932207442
631.1339753169584,-10.857813734909763
641.8116024410441,-10.86246693852851
652.5927598655517,-10.867728835208396
663.474844180327,-10.873592110058082
674.4768285430384,-10.87997155479245
685.6180115209874,-10.885886542667324
696.8792842435564,-10.89220057068685
708.2706371166914,-10.898741020776683
719.8156324520132,-10.905238054455166
731.5173601637234,-10.910671716056973
743.3243546117877,-10.916134044366116
755.2211185547915,-10.920166131272197
767.1895400746708,-10.921793144192044
779.1984647122587,-10.920712974600448
791.2052536276225,-10.915046252576904
803.1055899983917,-10.90892862831276
814.9069517292809,-10.90200178943533
826.6038341706936,-10.894966103220018
838.1981211514017,-10.888363853209034
849.6906339371013,-10.880087405983874
861.0504651588852,-10.876134863338455
872.4065343504764,-10.873584503979876
883.7774121667719,-10.872489307391005
895.1811634067109,-10.872053522607986
906.6046082237377,-10.870297709179553
918.0484390864848,-10.874295528920486
929.705075248713,-10.880674382617315
941.618846651551,-10.890619218680051
953.8616657524868,-10.905475502268057
966.5181529227231,-10.926516906007574
979.6839269661715,-10.952224996203013
993.3624848099043,-10.97236159632761
1007.3387667281788,-10.986913891426205
1021.7300090322902,-10.987246669865307
1036.4764630664108,-10.978649029983007
1051.298515485011,-10.972216027752825
1066.1027456625952,-10.972167225316426
1080.9149245259446,-10.975468694446349
1095.673938725327,-10.97204482809837
1110.2801548019477,-10.977297227496898
1125.2546749714472,-10.974191984156953
1140.2431257272506,-10.961896036698056
1154.8689390325621,-10.947075522314107
1169.1057546036102,-10.9261335992395
1182.9040238118896,-10.90011843198681
1196.32181215471,-10.873393633232682
1209.3844485076138,-10.835626264711442
1221.7808083875084,-10.826904884139777
1234.3798272234428,-10.8211640307443
1247.0814933854151,-10.823916827866205
1260.0056315965965,-10.840192268417274
1273.4384952161952,-10.8785945613508
1287.640664126659,-10.95564634616664
1303.6980443076948,-11.119803059681056
1325.2691637354544,-11.693123227708286
1380.1513886761509,-11.901273176082181
1470.7134624080882,-11.816965729987416
1538.7862701392241,-11.76699251314148
1594.3833706215262,-11.749532420083607
1643.6636039317866,-11.760343135485602
1690.4146905428086,-11.776000404451468
1735.5000764622484,-11.785963615771893
1778.7766938768991,-11.798641506069439
1820.4206998805078,-11.804038933663389
1860.0984026992555,-11.803392113443579
1897.4476137253384,-11.795139146589122
1932.2031310606467,-11.781920771411933
1964.3204678319044,-11.765417971242048
1993.9321204406747,-11.746891429791646
2021.2671165693696,-11.727580980716317
2046.6072041392356,-11.708422337091916
2070.257161659588,-11.689963857221326
2092.5004052991685,-11.672639768076191
2113.581427776973,-11.65700185029103
2133.730336417214,-11.643476693948159
2153.1393605479548,-11.632328350241844
2171.975971107928,-11.62372965748926
2190.395508570331,-11.61817559435787
2208.524199118294,-11.615578618370227
2226.4394462608457,-11.615384823034974
2244.1956614280575,-11.617039768673978
2261.8153108742044,-11.61871226392241
2279.2688657193034,-11.620894529535798
2296.5702351717773,-11.623458349021647
2313.714608250053,-11.626500521721379
2330.6891928688024,-11.630049248620868
2347.485825145593,-11.63398846412036
2364.1071483101186,-11.638119561508399
2380.5633569331944,-11.642253571411379
2396.862545570793,-11.64627333060261
2413.0042687541795,-11.650148711707677
2428.982058094945,-11.653905077142586
2444.7913860474123,-11.657574127786953
2460.4330425570333,-11.661156869491771
2475.9107510324116,-11.664650564500137
2491.2270245959767,-11.668078543149818
2506.382359125654,-11.671490332523478
2521.377472997821,-11.674910065924484
2536.21399194787,-11.678313004310109
2550.8937821920426,-11.681646640312971
2565.418613660925,-11.68489563596972
2579.791264312989,-11.687978476448633
2594.012220085474,-11.690995215316342
2608.08474088757,-11.693958325592897
2622.00947783996,-11.696859376490874
2635.7847235307977,-11.699691367116124
2649.409356389948,-11.702472294066608
2662.8859505988144,-11.705240241244915
2676.220877689454,-11.708020885354175
2689.4208438086544,-11.710809154172518
2702.489007985287,-11.713589833340574
2715.4246946145363,-11.716367515259176
2728.2267116995463,-11.719171681353794
2740.8970581762655,-11.722026355098023
2753.4416546370885,-11.724920722602763
2765.8676831458315,-11.727818204481627
2778.180233077067,-11.730690570371896
2790.3810381193325,-11.733550064178901
2802.469956760343,-11.736418988286962
2814.4468443200817,-11.739332421947456
2826.3136528374366,-11.74228131129164
2838.0736648930806,-11.745236430786253
2849.73064718348,-11.748176428592336
2861.2881342301603,-11.751102501397655
2872.7490098520984,-11.754032111752105
2884.11542890311,-11.75697980949671
2895.388937075391,-11.759950911087772
2906.5706764855777,-11.762950811831457
2917.661864107484,-11.765989904694681
2928.6643747315766,-11.769079257326128
2939.580949935782,-11.772217657702942
2950.414758057608,-11.775386704822214
2961.168817818335,-11.778564190227549
2971.8455154934613,-11.781735770834853
2982.4463909663177,-11.784908319519174
2992.972653625316,-11.788095232783174
3003.4254664485825,-11.791307544887761
3013.8062486928297,-11.794546798142191
3024.1166688173075,-11.797809068223103
3034.3585428237147,-11.80109464589007
3044.5337598974374,-11.80440997725814
3054.6441997632155,-11.807761669171555
3064.6917457252557,-11.811152512375047
3074.6782476895783,-11.814580113365187
3084.6054384178333,-11.818040388342794
3094.47490079415,-11.821532943038497
3104.288037372963,-11.825059972986004
3114.0461528193305,-11.828625548608805
3123.7506637500537,-11.832228204425064
3133.403137185951,-11.8358609155296
3143.0051890441246,-11.839517621888767
3152.558407656876,-11.843194875247713
3162.064214434618,-11.846891900505163
3171.5238579000625,-11.850611900885584
3180.938551318723,-11.854358267780505
3190.309471400504,-11.858133077419712
3199.6377936954823,-11.861937224880943
3208.924626335815,-11.865771445867887
3218.1709803203644,-11.869637297225722
3227.3778000678954,-11.873535848529226
3236.546062673398,-11.87746507020603
3245.6767954011516,-11.881420107998833
3254.7710309200993,-11.88539506409824
3263.8297265714978,-11.88938393188952
3272.853714721445,-11.893379776501334
3281.843723483214,-11.897376681037876
3290.800331108123,-11.901369814029001
3299.724031845537,-11.905355449147033
3308.615229675046,-11.909330992311107
3317.474235269543,-11.913295886575009
3326.3013121900526,-11.91725072715346
3335.096656043868,-11.921196401660907
3343.860479770978,-11.925134568144422
3352.5930200678004,-11.929066307084467
3361.2945329168,-11.932992518518267
3369.9652627253768,-11.936913976614903
3378.6054396183513,-11.94083224332206
3387.21531789854,-11.94474863883682
3395.795151744204,-11.94866374847067
3404.345254057497,-11.95257768542056
3412.865959704648,-11.956489942869368
3421.3576009260355,-11.96040064579291
3429.8205100480513,-11.96430967740066
3438.2549956854195,-11.968217294080253
3446.661377250411,-11.972124057654078
3455.0400133244707,-11.976030306293145
3463.3912493478992,-11.979936504754363
3471.715417764534,-11.98384326883331
3480.0128538748113,-11.987751989659907
3488.2838809083387,-11.99166379400112
3496.5288014070065,-11.99557834462366
3504.7478997605836,-11.999495349319334
3512.941464903719,-12.00341438019715
3521.1097665729167,-12.007335032962937
3529.2530824222895,-12.011257255827486
3537.37170725818,-12.015180973385824
3545.465951479946,-12.019106601779342
3553.5361404358177,-12.023033898039804
3561.582635034065,-12.026962784697966
3569.6057882600785,-12.03089331272139
3577.605930739875,-12.034824533009726
3585.583387013693,-12.038755988252426
3593.538449080721,-12.042688894883126
3601.471361546065,-12.046624285773754
3609.382367232714,-12.05056367591518
3617.2717165873632,-12.054509414058552
3625.1396733069023,-12.05846274660277
3632.986537122501,-12.062424976253624
3640.8126342653422,-12.066397686152799
3648.61831618614,-12.07038132242175
3656.4039501705142,-12.074375313051666
3664.169922081762,-12.07837901601785
3671.916605232226,-12.082391486876931
3679.6443434827497,-12.086412047257502
3687.353473156672,-12.090440206580363
3695.0443252269492,-12.094475359561061
3702.717204720072,-12.098516548068611
3710.3724021676553,-12.102562881374485
3718.010178151842,-12.106614495392916
3725.630809601228,-12.110670816783745
3733.2345323044997,-12.114730912504571
3740.8215922235017,-12.118794315635538
3748.3922332571237,-12.122860869113065
3755.9466386087392,-12.126930892543033
3763.4850467349984,-12.131003501935135
3771.007660621477,-12.135075955829258
3778.5146052412297,-12.139149832148519
3786.0060648827002,-12.14322452320289
3793.482205069478,-12.147300470863136
3800.943171527554,-12.15137613453039
3808.3891093651437,-12.155451473302303
3815.8201509784367,-12.159520363641068
3823.236265940201,-12.163586457960562
3830.637553191423,-12.167647655061447
3838.0240612746666,-12.17170251537195
3845.395816883788,-12.175749757660007
3852.752847332662,-12.179789182751703
3860.095177878407,-12.183810749224044
3867.4225727264206,-12.187820769262133
3874.7350264918855,-12.191817067362463
3882.032490839653,-12.195798594632542
3889.3148915557854,-12.199764433069536
3896.5821533644603,-12.20370164791773
3903.8338529088073,-12.207618390710007
3911.0698304913094,-12.211511150171807
3918.2898810162887,-12.215378101918217
3925.4937422109397,-12.219219369525918
3932.68118312283,-12.22303719918013
3939.851983326582,-12.226818616517829
3947.005679950218,-12.230577480854025
3954.1421552921634,-12.234316793774257
3961.2613812282507,-12.238041586178976
3968.363403054736,-12.24175989505514
3975.448387005763,-12.245465646365602
3982.5163489826546,-12.249181135242392
3989.5677403035065,-12.252915736070358
3996.603187700423,-12.256681923089062
4003.6234296588464,-12.260494994849703
4010.629369019206,-12.264354827454497
4017.6218209681942,-12.268290363733758
4024.6020513128933,-12.272318648384514
4031.5714820893186,-12.276458094480043
4038.5317551614166,-12.280711121667427
4045.4844216591987,-12.285109051232388
4052.431495119859,-12.289666937170345
4059.375236548473,-12.294401103404514
4066.318170347044,-12.299327534899097
4073.263004692016,-12.304444290939196
4080.212314167068,-12.309777653822021
4087.169244443202,-12.315336843103154
4094.137171772207,-12.3211299105786
4101.119598107997,-12.327147867728598
4108.119880685847,-12.33340790707473
4115.141836266854,-12.33990993054463
4122.189388967414,-12.346654601697866
4129.266536085186,-12.353625139814236
4136.377033498974,-12.360831585838692
4143.524939562464,-12.368269733163537
4150.714391263809,-12.375933944442501
4157.949484781839,-12.383806562628918
4165.23397912885,-12.391895620381078
4172.571877211282,-12.400192087367847
4179.96711453181,-12.408685843356656
4187.423303139134,-12.417347010038203
4194.943417578648,-12.426161552858897
4202.530130109472,-12.435091714919285
4210.1852999967,-12.444078462662832
4217.909812092276,-12.453088119047184
4225.7044421230985,-12.462093967934404
4233.570543704555,-12.471119619983039
4241.511685298458,-12.480262783734414
4249.5353721676165,-12.48975334646572
4257.655542456987,-12.49991021801352
4265.893354144223,-12.51111112186293
4274.276976853187,-12.523781774527558
4282.841575986105,-12.538315014970951
4291.6277495245795,-12.555044017097027
4300.679619150502,-12.574187486717895
4310.04139830164,-12.595821115938334
4319.753074640433,-12.619794742441524
4329.844946597041,-12.645835745082431
4340.338093295847,-12.673855703115132
4351.259361094733,-12.70426926393035
4362.665527003676,-12.738254391509301
4374.674762604548,-12.776439522755501
4387.465075409787,-12.8155253356405
4401.37526185195,-12.842509327507566
4416.331030291707,-12.855059163965338
4431.774361962051,-12.860180546781669
4447.281707476056,-12.863328836242403
4462.694650364811,-12.866640168421254
4477.994273234748,-12.870413252552968
4493.19956359702,-12.874387218510453
4508.325620418727,-12.87833911381993
4523.377014232257,-12.882181944593832
4538.352084122439,-12.885940927670685
4553.248715925822,-12.889656526774944
4568.065857294854,-12.893356740842929
4582.80360156968,-12.89706866331594
4597.463330172836,-12.900796443347975
4612.0466417963335,-12.904535485948218
4626.554973258167,-12.908292067240987
4640.989950108419,-12.91205824153562
4655.352767918425,-12.915840328245629
4669.644904589135,-12.919635470706144
4683.86780844169,-12.92343622339854
4698.022665749537,-12.927249591939825
4712.110583708973,-12.931070060251907
4726.131886566073,-12.934899884990434
4740.08637813361,-12.938734582869426
4753.9731602416305,-12.942580694787868
4767.7919153433095,-12.946434464393441
4781.542690766429,-12.950291492533358
4795.225723778576,-12.954155450068434
4808.841896962838,-12.958020913214675
4822.392387347576,-12.961890677423487
4835.878815234862,-12.965757385982169
4849.302646580279,-12.969625843514352
4862.665580760565,-12.973489534840072
4875.968988400848,-12.977352088954145
4889.214308030604,-12.981206580307898
4902.40256173099,-12.985056191069601
4915.534753184081,-12.988896554440132
4928.611659672109,-12.99272911304921
4941.634039568061,-12.996549145565927
4954.602364242693,-13.000358815391467
4967.517193946813,-13.004154031710463
4980.3788710281815,-13.007936819119113
4993.18780011961,-13.01170301793524
5005.944201558552,-13.01545582294568
5018.648458620318,-13.019191297813961
5031.300735025933,-13.022911269584283
5043.901226934863,-13.026611012271148
5056.449969091724,-13.030292716280945
5068.947120702022,-13.033958729761782
5081.392904248037,-13.037604523088541
5093.787304035218,-13.041233136440118
5106.130500111819,-13.044841683548398
5118.42249754628,-13.048430021520025
5130.6633311658325,-13.051999752108946
5142.853053541468,-13.055548538138584
5154.991601053325,-13.059078933410474
5167.079159825416,-13.062586706028197
5179.115614955661,-13.066071156923051
5191.100847878732,-13.06953481538338
5203.034896506631,-13.072975007530099
5214.917638619774,-13.076391004009704
5226.749019159345,-13.079785116939547
5238.529029017675,-13.083154305031368
5250.257536930314,-13.086498832298272
5261.934451739092,-13.08982050750769
5273.559694033488,-13.093115563115527
5285.133052648853,-13.09638361229671
5296.6543697820125,-13.099627250599578
5308.123545995615,-13.102849366674217
5319.540510893307,-13.106046175460564
5330.905115319747,-13.109218521923442
5342.217226468077,-13.112366926415287
5353.476799900565,-13.115493086369481
5364.683782485815,-13.118594634846147
5375.83806113117,-13.121672294131105
5386.93959049652,-13.124725906465072
5397.988215963568,-13.127755420334044
5408.983897969958,-13.13076115061031
5419.926516860712,-13.133744884253474
5430.8160246863235,-13.136705473842401
5441.65237931647,-13.139644213670385
5452.435487346351,-13.142562545270975
5463.165341061469,-13.145459526270958
5473.841948828404,-13.148335958450927
5484.465274706677,-13.151194370880331
5495.035345989776,-13.154034131414587
5505.552239697787,-13.156855541329337
5516.016005395191,-13.15966104073931
5526.4267347623445,-13.162451551890184
5536.784499121168,-13.165227382911578
5547.089456169971,-13.1679905137879
5557.341760228074,-13.170742351247279
5567.541598255775,-13.173483303123831
5577.689230042322,-13.17621376418805
5587.784846969618,-13.17893648065362
5597.828720081795,-13.181652706620046
5607.821175383785,-13.184361040211146
5617.762438016023,-13.187064708264408
5627.652865593157,-13.189765542463766
5637.492864964153,-13.192463825973876
5647.282743270859,-13.19516031896066
5657.022959900394,-13.197856399392233
5666.71391102574,-13.200553488259937
5676.356027534478,-13.203252085595318
5685.9497956257,-13.205952428229578
5695.495651789924,-13.208656094339615
5704.994069157463,-13.211363015608415
5714.44548111944,-13.214075788230804
5723.850441121414,-13.21679547262588
5733.20950978906,-13.219520785922493
5742.5232102829905,-13.222252519235951
5751.792024066649,-13.22499204830846
5761.016484604179,-13.227739545782264
5770.197156925032,-13.230495157343638
5779.334600645515,-13.233260054914435
5788.429371078122,-13.236031995970928
5797.481906590814,-13.238815073191425
5806.4928489855165,-13.241608637992746
5815.462751469512,-13.244410626624289
5824.392089415236,-13.247222306592219
5833.281452618634,-13.250043651658123
5842.131357987721,-13.252875465691883
5850.942344166365,-13.255716828827342
5859.714882393401,-13.258567975036344
5868.449506837792,-13.261429794698763
5877.146755470791,-13.264300975891425
5885.80708372574,-13.267181755087767
5894.431026058151,-13.270072571217556
5903.019088319618,-13.272972492928982
5911.571696965624,-13.275882330938762
5920.0893173789245,-13.278800931976672
5928.5724276468345,-13.281728536716379
5937.021485170721,-13.284665063726756
5945.436930567431,-13.287609990016248
5953.819190912695,-13.290563020268083
5962.168670771764,-13.293525190968037
5970.485785394183,-13.296497523564438
5978.77102322486,-13.299476986875217
5987.024761343152,-13.302463320599278
5995.247360634244,-13.305457343224186
6003.439210198539,-13.308459661929588
6011.600717650749,-13.311469934646976
6019.732230459512,-13.314487968125995
6027.834151051657,-13.317513064717163
6035.906839442665,-13.320543404984694
6043.950606234071,-13.323581190613346
6051.965839049445,-13.326627534519368
6059.952881258746,-13.32967910434609
6067.912002971767,-13.332738127263006
6075.843553148641,-13.335804700060338
6083.747960855478,-13.338875612411206
6091.62548049711,-13.341953457196439
6099.476354035279,-13.34503763719158
6107.300952625751,-13.34812714127208
6115.09956775516,-13.351222654670279
6122.872478439443,-13.354323689267273
6130.619946969782,-13.357430954646636
6138.3423005646555,-13.360543898795537
6146.039841754984,-13.363662603794253
6153.712794653767,-13.366787825882692
6161.361494871809,-13.369916974633696
6168.986167832348,-13.37305064467619
6176.587052502906,-13.37619004146484
6184.164457566398,-13.379334120725787
6191.718594958454,-13.382483400838018
6199.249703743802,-13.385637813846055
6206.75806573497,-13.388796458532513
6214.243893793992,-13.391960581806726
6221.7074218738635,-13.395129126687872
6229.148924155082,-13.398301328881171
6236.568618144152,-13.401477714604622
6243.966699710312,-13.404657523803369
6251.343348169064,-13.407841736984707
6258.698784161681,-13.411030367531044
6266.033263873675,-13.414223247106928
6273.346993800961,-13.417420326446589
6280.640179256786,-13.420620941691775
6287.913023660908,-13.423825154937992
6295.165714501589,-13.42703317845812
6302.398452461517,-13.430244633555189
6309.611427630003,-13.433459562424398
6316.8048234917405,-13.4366781317372
6323.97882767069,-13.439900237857774
6331.1336272160725,-13.443125680232543
6338.2694036591,-13.446354322174251
6345.386333503235,-13.449586079127135
6352.48458979998,-13.452820878040113
6359.564342728866,-13.456058644705442
6366.625759647245,-13.45929930460147
6373.669005088587,-13.462542784641757
6380.694240798218,-13.465789013918512
6387.701625799604,-13.469037923849527
6394.6913164591415,-13.472289448086471
6401.663466550409,-13.475543522627149
6408.618227319968,-13.478800085628833
6415.555747546805,-13.482059077525916
6422.476173608762,-13.485320440640796
6429.379649539219,-13.488584118811051
6436.2663170664355,-13.491850057854329
6443.136315711798,-13.495118204939605
6449.9897828491585,-13.498388507658001
6456.826853680491,-13.501660914941493
6463.647661300629,-13.50493537738651
6470.4523367766205,-13.50821184696542
6477.2410091807105,-13.511490277438273
6484.01380564577,-13.514770624348618
6490.770851419192,-13.518052845123018
6497.512269914785,-13.521336898986325
6504.238182771681,-13.524622746707205
6510.948709900737,-13.527910350418413
6517.643969533351,-13.53119967310801
6524.324078234699,-13.53449067939386
6530.989150990953,-13.537783335447694
6537.6393012994795,-13.54107760693234
6544.274641074226,-13.544373460382513
6550.895280678042,-13.547670864188355
6557.501329035626,-13.550969787301382
6564.09289363273,-13.554270199643454
6570.670080543657,-13.557572072042284
6577.232994458387,-13.56087537625033
6583.781738707727,-13.564180085101267
6590.316415296416,-13.567486172260331
6596.837124926236,-13.570793612438255
6603.343967025032,-13.574102381133619
6609.8370397739955,-13.577412454787748
6616.316440130276,-13.580723810573867
6622.78226385402,-13.584036426322413
6629.234605528807,-13.587350280659559
6635.673558586783,-13.590665352758972
6642.099215328424,-13.5939816224268
6648.511666943046,-13.597299070024313
6654.911003525377,-13.600617676335608
6661.297314080871,-13.603937424147599
6667.670686653023,-13.607258295909523
6674.031208271234,-13.610580273555621
6680.37896488602,-13.613903340914932
6686.714041492146,-13.617227482315865
6693.036522136752,-13.620552682551082
6699.346489934449,-13.623878927018344
6705.644027087225,-13.627206201651
6711.929214904101,-13.630534493019345
6718.202133821474,-13.63386378811761
6724.462863420593,-13.637194074497332
6730.711482445566,-13.640525340272543
6736.948068823455,-13.643857573926365
6743.17269967711,-13.647190764333844
6749.385451343776,-13.650524900614368
6755.586399372751,-13.65385997262523
6761.775618561378,-13.657195971284361
6767.953183019809,-13.660532886714385
6774.119166102623,-13.663870709011785
6780.273640399162,-13.667209429524014
6786.416677812356,-13.670549039650508
6792.548349553735,-13.67388953086505
6798.668726146732,-13.677230894886891
6804.777877435462,-13.68057312355303
6810.875872597292,-13.68391620879703
6816.962780144992,-13.687260142829235
6823.038667937997,-13.690604918039801
6829.103603194071,-13.693950526875945
6835.157652493251,-13.697296962036138
6841.200881787039,-13.700644216426143
6847.233356408819,-13.703992283231837
6853.255141084661,-13.707341155821963
6859.2662999439235,-13.71069082774476
6865.266896524884,-13.714041292795244
6871.256993786957,-13.717392544921251
6877.236654122586,-13.720744578243494
6883.205939362267,-13.7240973869453
6889.16491078264,-13.727450965497
6895.113629113405,-13.73080530787607
6901.0521545146685,-13.734160409832342
6906.980546676108,-13.737516267387411
6912.898864836162,-13.74087287451461
6918.807167651226,-13.744230226005321
6924.705513245727,-13.747588317773573
6930.5939592746645,-13.750947145658012
6936.472562918989,-13.75430670564626
6942.341380888654,-13.757666993790986
6948.200469424849,-13.761028006423345
6954.04988431551,-13.764389740066383
6959.889680899421,-13.767752191179985
6965.719914070001,-13.771115356537878
6971.540638286023,-13.774479233051876
6977.3519075771155,-13.777843817728687
6983.153775550431,-13.781209107726813
6988.94629539584,-13.784575100390958
6994.729519895604,-13.787941792916289
7000.50350141614,-13.791309182581148
7006.268291911394,-13.794677266623061
7012.023942917042,-13.798046042624748
7017.77050557208,-13.80141550996017
7023.508030710881,-13.804785666542793
7029.236568784038,-13.808156508931845
7034.956169786616,-13.811528035423537
7040.666883345994,-13.81490024456186
7046.368758734463,-13.818273134963597
7052.061844869172,-13.82164670528794
7057.7461903115955,-13.82502095435227
7063.421843271105,-13.828395881280226
7069.088851615972,-13.83177148534681
7074.747262876004,-13.835147766177636
7080.397124249629,-13.838524723579834
7086.038482613644,-13.841902357718256
7091.671384528235,-13.845280669002065
7097.295876245686,-13.848659658139539
7102.912003716399,-13.852039326028306
7108.519812597099,-13.855419673823418
7114.119348256686,-13.858800702868225
7119.710655777314,-13.862182414778273
7125.29377996805,-13.86556481131318
7130.868765366732,-13.868947894446348
7136.435656245895,-13.872331666243307
7141.994496612982,-13.875716128925836
7147.545330218515,-13.879101285060555
7153.088200563327,-13.882487137283594
7158.623150900823,-13.885873688318432
7164.150224236798,-13.889260940949812
7169.6694633242,-13.89264889764594
7175.180910645641,-13.89603756378639
7180.6846085481975,-13.899426944476218
7186.180599218473,-13.902817041353382
7191.668924513994,-13.906207858015938
7197.149626048459,-13.909599399593771
7202.622745259716,-13.912991670985718
7208.088323392435,-13.916384677109289
7213.546401493916,-13.919778423117558
7218.99702041662,-13.923172914430053
7224.440220827809,-13.926568156792207
7229.876043216863,-13.929964156048051
7235.304527896284,-13.933360918305112
7240.725715007508,-13.936758449928845
7246.139644526605,-13.940156757611268
7251.546356272673,-13.943555848081925
7256.945889907487,-13.946955728397969
7262.33828494108,-13.950356405951249
7267.7235807426,-13.953757888275721
7273.101816541943,-13.957160183166195
7278.473031433491,-13.960563298552897
7283.837264379187,-13.963967242622768
7289.1945542133635,-13.967372023759516
7294.544939647959,-13.970777650700288
7299.888459277988,-13.974184132015152
7305.22515157605,-13.97759147589491
7310.555054868907,-13.980999691812693
7315.878207390376,-13.984408792342387
7321.194647410459,-13.987818785903603
7326.504413048282,-13.99122967934501
7331.8075422033,-13.994641483568783
7337.104072723996,-13.998054208822941
7342.394042378038,-14.001467865271175
7347.677488847495,-14.0048824631319
7352.954449726146,-14.008298012837086
7358.224962523747,-14.011714524829078
7363.489064668675,-14.015132009767653
7368.746793509075,-14.01855047827076
7373.998186312932,-14.021969941217591
7379.243280273098,-14.025390409661052
7384.4821125116505,-14.02881189489136
7389.714720084896,-14.032234408095027
7394.941139980135,-14.03565796069444
7400.161409119839,-14.039082564412343
7405.375564371136,-14.04250823101388
7410.583642543231,-14.045934972523446
7415.785680397314,-14.04936280095542
7420.9817146413925,-14.052791728536954
7426.171781935052,-14.05622176793762
7431.355918904888,-14.059652931592943
7436.534162133612,-14.06308523211366
7441.70654816597,-14.066518682376538
7446.873113515035,-14.069953295286153
7452.03389466518,-14.073389083812764
7457.188928068984,-14.076826060928045
7462.338250152128,-14.080264239783563
7467.481897314331,-14.083703633430456
7472.6199059300825,-14.087144255002523
7477.752312352168,-14.090586117548652
7482.879152907552,-14.094029234136071
7488.000463894985,-14.09747361787414
7493.116281593341,-14.100919281162678
7498.22664223278,-14.104366236559377
7503.331582003856,-14.107814499337463
7508.431137165911,-14.11126408481443
7513.52534404843,-14.114715003549295
7518.614238867894,-14.118167266423242
7523.697857741725,-14.121620887003148
7528.776236796816,-14.125075878685509
7533.849412162368,-14.128532254172383
7538.917419953236,-14.13199002595599
7543.980296262654,-14.135449206668625
7549.038077169539,-14.138909808704605
7554.0907987344735,-14.142371844272084
7559.138496999969,-14.145835325594781
7564.18120799258,-14.149300264556814
7569.218967715496,-14.152766672900192
7574.251812148823,-14.156234562122243
7579.279777252049,-14.159703943432199
7584.3028989557215,-14.163174827985376
7589.3212131647215,-14.166647226652671
7594.334755759449,-14.170121149966297
7599.3435625902775,-14.1735966079555
7604.347669469548,-14.177073610486948
7609.347112173975,-14.180552167092658
7614.341926443614,-14.184032286753153
7619.332147975477,-14.187513978006022
7624.317812413554,-14.190997249004184
7629.298955351787,-14.194482107338906
7634.275612323984,-14.197968559950121
7639.24781879965,-14.201456613616585
7644.215610183091,-14.204946274283353
7649.1790218055885,-14.20843754742204
7654.138088919056,-14.21193043787636
7659.092846694041,-14.215424950006383
7664.043330209703,-14.21892108730866
7668.989574450184,-14.222418852974046
7673.931614303473,-14.225918248660046
7678.869484525029,-14.22941927527354
7683.803219733716,-14.23292193552037
7688.7328544972,-14.236426233471153
7693.658423392798,-14.23993216772536
7698.579960835421,-14.243439733194663
7703.49750096897,-14.246948928286589
7708.411077806411,-14.250459751469077
7713.320725253938,-14.253972199229207
7718.226477071077,-14.257486267237567
7723.128366864951,-14.261001950358146
7728.02642808148,-14.264519242090108
7732.920693989032,-14.268038135262044
7737.81119767866,-14.2715586212701
7742.697972044956,-14.275080690524655
7747.581049778932,-14.278604332317737
7752.460463360776,-14.282129534327899
7757.336245043003,-14.285656283183055
7762.208426840809,-14.289184564059777
7767.077040516946,-14.292714360609201
7771.942117565073,-14.29624565501649
7776.803689197219,-14.299778428038449
7781.661786329658,-14.303312658976237
7786.5164395660195,-14.30684832558679
7791.367679185502,-14.310385404083126
7796.215535127496,-14.313923869049631
7801.060036975438,-14.317463693272533
7805.901213937196,-14.321004848146323
7810.739094829705,-14.32454730369327
7815.573708074608,-14.328091027765947
7820.405081670136,-14.331635986700029
7825.233243174781,-14.335182145429764
7830.05821970309,-14.338729467381828
7834.8800379088825,-14.342277914489246
7839.698723970254,-14.345827447218278
7844.514303581206,-14.3493780246508
7849.326801946495,-14.352929604142833
7854.136243760757,-14.356482141703978
7858.942653198765,-14.360035591988913
7863.746053911861,-14.363589908832319
7868.546469014455,-14.367145044589519
7873.343921080665,-14.370700950420666
7878.138432131396,-14.374257576990397
7882.930023634655,-14.377814873628735
7887.7187165069245,-14.38137278797707
7892.50453109042,-14.384931267191359
7897.287487142235,-14.388490258540756
7902.067603852893,-14.39204970752218
7906.844899842761,-14.395609558076767
7911.619393136841,-14.399169753827685
7916.391101164663,-14.402730238231817
7921.160040754338,-14.4062909549607
7925.926228141031,-14.409851847277698
7930.68967898148,-14.413412858878395
7935.450408364378,-14.416973932386776
7940.20843078741,-14.420535008149301
7944.963760098184,-14.42409603366119
7949.716409690328,-14.427656956343956
7954.466392516137,-14.431217720960152
7959.21372098133,-14.434778274025945
7963.958406950801,-14.438338561418943
7968.700461738707,-14.441898533579959
7973.439896195399,-14.445458144472987
7978.1767207711155,-14.44901734829501
7982.9109455331345,-14.452576102078886
7987.642580167542,-14.456134368084232
7992.37163406305,-14.459692109816196
7997.098116345199,-14.463249294391638
8001.822035880783,-14.46680589578724
8006.5434013704935,-14.470361890805927
8011.2622214197045,-14.473917259730467
8015.9785045502,-14.477471992386855
8020.692259288854,-14.481026085772584
8025.403494305822,-14.484579538257345
8030.112218443401,-14.488132355721628
8034.818440744015,-14.491684558870723
8039.522170616544,-14.495236176051014
8044.223418004103,-14.49878723697215
8048.922193404058,-14.50233778091635
8053.618507891365,-14.505887866129706
8058.312373323987,-14.50943756464586
8063.003802602371,-14.5129869454708
8067.692809629251,-14.516536079489645
8072.379409212053,-14.520085060083195
8077.063617245045,-14.52363400576449
8081.745451035204,-14.527183049899923
8086.424929590066,-14.53073232935537
8091.10207371657,-14.53428198566513
8095.776906023675,-14.537832177146953
8100.449450997271,-14.541383088985457
8105.119735239377,-14.544934935029211
8109.787787804579,-14.548487949487333
8114.453640514786,-14.552042377696063
8119.117328163058,-14.555598472083062
8123.7788885981445,-14.559156497720984
8128.438362813509,-14.562716734996533
8133.095795069034,-14.566279492976069
8137.751233181575,-14.569845110900667
8142.404728875174,-14.573413966988547
8147.05633824726,-14.576986467071697
8151.706122166033,-14.580563055079011
8156.354146659586,-14.584144201964302
8161.000483369078,-14.587730411827845
8165.645209732613,-14.59132225003298
8170.288409690247,-14.594920283031417
8174.930174214521,-14.598525074682874
8179.570600817839,-14.602137272929516
8184.209793923999,-14.605757622832648
8188.847866075915,-14.609386914490887
8193.484938991318,-14.613025940039902
8198.121143702134,-14.616675518372215
8202.75662068995,-14.620336505947291
8207.391520164496,-14.624009823649002
8212.026002689612,-14.62769644046365
8216.660239837729,-14.631397389772484
8221.294414700793,-14.635113764029724
8225.928722863286,-14.63884669349503
8230.563372729912,-14.642597384615588
8235.198586414215,-14.646367084779824
8239.834600405427,-14.650157110393032
8244.47166595408,-14.653968839781955
8249.110050252184,-14.657803689666375
8253.750036892847,-14.661663157890946
8258.391926660757,-14.665548806743308
8263.036038509776,-14.669462313092131
8267.682710686033,-14.67340543016684
8272.332302559373,-14.677379942928885
8276.985194785606,-14.681387873575478
8281.641790899257,-14.685431428892871
8286.302521654214,-14.689512772056588
8290.967846053329,-14.693634170726162
8295.63825109964,-14.697798176230084
8300.31425391459,-14.702007860042167
8304.996404659203,-14.706267246785181
8309.685294558587,-14.710581168810466
8314.38156823002,-14.71495473918892
8319.08593010501,-14.719393385704493
8323.79914717819,-14.723902884161616
8328.52205572563,-14.72848891395815
8333.255564595924,-14.733157199798429
8338.000652401231,-14.73791415567899
8342.758371898884,-14.742766629793843
8347.529861401546,-14.747721317854053
8352.316348772694,-14.75278543845094
8357.119152484915,-14.757967766556753
8361.939696849635,-14.763278065738593
8366.779534646092,-14.76872582472825
8371.640354445779,-14.774320840328821
8376.523977738183,-14.780075185264652
8381.432376177643,-14.786003435709086
8386.367712843923,-14.792120563853963
8391.332373190442,-14.798440755033356
8396.32896574746,-14.804979376915146
8401.360321133554,-14.811755876584538
8406.429528212175,-14.818793909797654
8411.540002916958,-14.826118461274437
8416.69554680409,-14.833753316670652
8421.900367942955,-14.841721818433074
8427.159083609367,-14.85005001247692
8432.476748223948,-14.858769214365267
8437.858925441305,-14.867915615760088
8443.311785604847,-14.877527526289283
8448.842184013702,-14.88764252079258
8454.457711515313,-14.898296335584897
8460.16672265959,-14.909523935704305
8465.978393343255,-14.921357837887777
8471.902761630274,-14.933829833246616
8477.950739335702,-14.946969755403295
8484.134188818878,-14.96079908162966
8490.465885330217,-14.975338728514394
8496.959507377716,-14.990591051497926
8503.629812179812,-15.006495233559631
8510.492099456982,-15.022971103618097
8517.561354778101,-15.039986190209536
8524.852717306807,-15.057520712499887
8532.382020052164,-15.07556569901621
8540.165764518684,-15.094133567978883
8548.221676400619,-15.113219575630653
8556.568612998908,-15.132804090165271
8565.226187864348,-15.152852338242354
8574.214474898408,-15.17335111939263
8583.554823261715,-15.194298306324471
8593.270284812597,-15.21567502939829
8603.385234364367,-15.237462315384386
8613.92530919817,-15.259649339760536
8624.917662267171,-15.282228916331967
8636.391184186215,-15.305200838774109
8648.376681299931,-15.328570677406303
8660.907167376614,-15.352348956773376
8674.018256058673,-15.376528046218555
8687.748138323454,-15.40111877364722
8702.137788610522,-15.426178348148675
8717.231526963846,-15.4517087595
8733.07529426223,-15.477577455114934
8749.711539771663,-15.503516044139367
8767.172648980079,-15.52912789895
8785.476189206984,-15.553889957193304
8804.62394360486,-15.577657705840624
8824.62193123982,-15.601009253069845
8845.50808938318,-15.624823577060784
8867.368391453007,-15.65001115005461
8890.35039261622,-15.677878791090155
8914.664858155818,-15.70923486318989
8940.546295564685,-15.743528114119858
8968.246957983323,-15.780210962126912
8998.08827587202,-15.820301109833208
9030.463508645824,-15.863703457936591
9065.728342171984,-15.907909948197297
9104.029612870723,-15.949723706790685
9145.241851064846,-15.986919681797465
9189.001144968728,-16.018205156194515
9234.73833598574,-16.042328529820235
9281.630596689884,-16.057382707223137
9328.582164376752,-16.062794106221965
9374.743567299416,-16.06054248580484
9419.583031833705,-16.05650387775904
9463.66552770963,-16.045691365635527
9504.474346613697,-16.03514097631867
9546.7252192369,-16.04676208612612
9588.602766018847,-16.059627948201715
9633.279545173886,-16.082193632864254
9676.731798433573,-16.09270519775772
9723.601083933136,-16.13642734117861
9774.607511396,-16.20600304207723
9835.807330294425,-16.314181812654304
9912.540378574196,-16.449369932653795
10011.167225230327,-16.610879149998954
10160.154610263757,-17.765403683475686
14229.600873682255,-18.417331441913078
19946.177771592626,-14.607683199344816
19945.744921104164,-inf
