# Time(day),log10(lum)
7.034726586493923,43.14729267593127
7.231460011956886,43.13610014178975
7.428554958484662,43.12582533429345
7.625222374109663,43.11511946876495
7.821739562767071,43.10533640227163
8.018393400730034,43.09527326580793
8.215376058137442,43.08559131358004
8.412181636841146,43.07622818064355
8.608898602118924,43.06663095776794
8.80549794702633,43.05768873599519
9.002233293091145,43.0486640304093
9.199271293091146,43.03979754417885
9.395886155359664,43.031355344727665
9.592731265313368,43.022714654053075
9.789710996794849,43.01443042762754
9.98618441230411,43.00632030198727
10.18308444818374,42.99810132443717
10.379995787304109,42.990208237850034
10.57626070165596,42.98239893149448
10.773185440081885,42.97453058774232
10.97003701878559,42.96693179161228
11.166527170405962,42.95937905631814
11.3637179111467,42.95177840882843
11.560477758368924,42.94438303344363
11.757045828970776,42.937029060704546
11.953653975961515,42.92965641607853
12.15063192503559,42.92239754312581
12.34741743313744,42.915204864217344
12.544175944711515,42.90801254705391
12.74112932665596,42.900895469152175
12.937645164618923,42.893873450659676
13.134449543091144,42.88685481030721
13.331413399572627,42.87987884606057
13.527935383368924,42.87300101055186
13.724787404202255,42.866151143579295
13.921445834757813,42.85935742111404
14.118309754896702,42.85262568698673
14.315056981748553,42.845962386053735
14.511721584757812,42.839361008581236
14.708674319711518,42.832819140782284
14.905152909989294,42.82637263903633
15.102097944711517,42.819983476205785
15.298790823183737,42.81368503609002
15.495604539618924,42.80746694094304
15.692378136841146,42.80134171185252
15.888843752581888,42.79532933822179
16.085555861378182,42.78942635255162
16.28273359054485,42.78362217889685
16.479079124109663,42.777961868053225
16.675892039618923,42.7724245862206
16.87265894702633,42.76703934963732
17.069830260683737,42.761785088461615
17.26635896091522,42.75669340610131
17.462962796563367,42.751756328411965
17.660025675035588,42.74698050917712
17.856661663461516,42.74237666336618
18.053399717859666,42.73793309035608
18.250274506054108,42.73366030588249
18.4466747236467,42.729583476527566
18.643641828970775,42.72566300445734
18.84028949795226,42.721909856421185
19.037220302350406,42.718312053765395
19.23396865188744,42.71487904751649
19.430572923878184,42.711599244100206
19.627332801193,42.708473823808994
19.823991222489294,42.705459124594775
20.020724653044848,42.702572596155655
20.21788534517448,42.69981090529171
20.414628312767075,42.69717603954733
20.611077164618923,42.694659583252786
20.80785477225781,42.69224853127583
21.00492669586892,42.689941670260545
21.20138351068374,42.68774290256819
21.398484796563366,42.68562883243446
21.59491603961892,42.683607494654254
21.791836377581884,42.681664054579606
21.98875969123929,42.67980074064098
22.185522975961515,42.67801237631527
22.381981338230034,42.67629510255357
22.578878337072627,42.67463567113571
22.775521587072625,42.673033968076254
22.972412332442996,42.67147928760261
23.1691115673967,42.66996785049218
23.365662875267073,42.668489792604234
23.562475212072627,42.667031708054154
23.759223611378182,42.66558299651583
23.956133267628182,42.66412138564343
24.152826168091146,42.66264585748975
24.349506471331885,42.6611527550397
24.54618456623929,42.65961645574625
24.74302793198003,42.65800360123028
24.939823368322624,42.656305500851396
25.136628632211515,42.65452956561994
25.333399837072626,42.652686347722494
25.530397088230032,42.65077403726588
25.72674463799855,42.648800614230694
25.923609203970774,42.646744634882566
26.120393265313364,42.64462048696966
26.31708549910966,42.64242391043436
26.51415878267448,42.64015414930932
26.71078095397077,42.63781552640546
26.907523043091146,42.63540089389213
27.104201023415218,42.632917672593045
27.30119665998929,42.63035916873972
27.497792311609665,42.627727956739605
27.694546885683735,42.62501528045456
27.891077603276326,42.622234392796585
28.088203367165217,42.619358984863034
28.284839350961512,42.61640032527091
28.481470291933736,42.613356124131045
28.678092823183736,42.61021524523363
28.874985493322622,42.606987495926326
29.07191013452633,42.603659948503854
29.268599533831885,42.600213718982296
29.46520901878559,42.59664641356141
29.662023457442995,42.59292649526464
29.85871382897077,42.58904505523295
30.055536724804103,42.584971121910236
30.25228107434114,42.58068359947053
30.449100671563365,42.57613032694645
30.64579761369299,42.57128255089578
30.8425037711004,42.56612285360396
31.039328848646697,42.560632294991585
31.23613208012818,42.55483149398597
31.43290440535966,42.549259977496206
31.629566768785587,42.546457145782036
31.82635900721151,42.54639366545141
32.02322847480411,42.54693953216689
32.2199886611467,42.547242160632784
32.416538112535584,42.54719494925517
32.61338394934114,42.54689661777669
32.810435613692995,42.54644325998608
33.00712351762818,42.54589261411033
33.20378674679485,42.545280760870504
33.400585657674476,42.544637109225285
33.597399670405956,42.54399346498099
33.79413992040596,42.54337297149156
33.99072728961892,42.542781300398154
34.18742204887818,42.54221218169862
34.38440411948003,42.54166527555128
34.5809216298967,42.541148628578036
34.77763985096151,42.54066710973794
34.97443785790596,42.540221672876314
35.17117104772077,42.53980341689897
35.36793346323003,42.538897540675066
35.564858547720775,42.53739385400865
35.76148333128559,42.535694788627744
35.958578859063365,42.534070034130835
36.155166198183736,42.532557572872236
36.35186307086892,42.531131583276746
36.548761416933736,42.52978745057262
36.74527062526707,42.52851746679961
36.94216333707262,42.52731090195117
37.13888580929485,42.52616293091871
37.33575712873929,42.525051180657
37.53259690188744,42.52396847550107
37.729001085915215,42.52291722080759
37.92604828961892,42.52188618397826
38.12260710096152,42.52088179487747
38.31937106392447,42.51989054853765
38.51621316346151,42.518904936555224
38.71295343892447,42.51792229123011
38.90966820744299,42.51695312011844
39.10667392503559,42.51599728202735
39.30341719818374,42.51505042124477
39.500118396100405,42.51409824173828
39.69667350373929,42.51314668840444
39.89355333128559,42.51219956661564
40.0904029586004,42.51126338206986
40.28718070512818,42.510335123751766
40.48384379540596,42.509407305283894
40.680491078970775,42.50847919541062
40.87720865767447,42.50755347444546
41.07387561253559,42.50663649938
41.27065617966522,42.50573008615265
41.46744056508189,42.50483193538308
41.66449593429485,42.50393506210685
41.86103099216521,42.503038026542846
42.05787880813744,42.502144169540415
42.25476010790596,42.50126005954858
42.451226121794846,42.500388880749604
42.64822973174855,42.499522595518535
42.84510424795225,42.49865988403002
43.04163343660966,42.49779739863305
43.238356805822626,42.49693960413243
43.435283827813365,42.49608788804797
43.63200240651707,42.49524233735177
43.82881097133188,42.49439511621736
44.02553482665596,42.493545277371275
44.22225227920225,42.49269847635448
44.41912412758188,42.491854973228236
44.61575844008188,42.49101478703458
44.81260033012818,42.49017317119763
45.009138304665214,42.48933344141042
45.20583622248929,42.48849329135929
45.40272431855411,42.487650187731504
45.59955285559114,42.48681223552241
45.79631582549855,42.48598008873477
45.9929866298967,42.48514612590342
46.189900017628176,42.48430582930856
46.38644348290596,42.483462824754156
46.58325224679484,42.48261978214018
46.7800267711004,42.48178741931366
46.97688402920225,42.480951103386516
47.17373635096151,42.48011420228869
47.37035657665596,42.47927806688471
47.567017906517066,42.4784270951534
47.76394698522076,42.47758635540821
47.96066104772078,42.47675109140418
48.15745127110039,42.47591456724392
48.35424704772077,42.475073396390584
48.55095533938744,42.47422617489844
48.74773907549856,42.473390379413594
48.944379418091145,42.47255964289304
49.141058922720774,42.47172542418313
49.337789238693,42.47089220817401
49.53465547480411,42.4700694891446
49.73131921670226,42.46924262281481
49.928066406517075,42.46842145580526
50.12493123174855,42.46761172085189
50.32187228846152,42.46681262070881
50.51859014725781,42.46600808095413
50.715341869480035,42.46522259719069
50.91186943892448,42.4644403141149
51.108675818554104,42.463667040152856
51.305442164618924,42.46291619457099
51.50231485906337,42.46216579363227
51.698878771100404,42.461430997925405
51.89577066924855,42.460715228486244
52.09261797133188,42.46000153538218
52.289330137998554,42.45932830670319
52.4859526298967,42.458652297604104
52.6827199111467,42.458012734475524
52.87958529540596,42.4573822537628
53.07644048522077,42.456781698872355
53.27305434748929,42.45619565661665
53.46985264031337,42.455659445658796
53.66670153267449,42.45512041962695
53.86336094702634,42.454633431957056
54.060145616007816,42.45416507983203
54.25697872248929,42.45372091787378
54.4536928162393,42.45332019313482
54.65044154193374,42.45294004655581
54.847025988693,42.45260465482376
55.04399998406337,42.452290342162314
55.24051633012818,42.45200956791357
55.437376531517074,42.451776110564346
55.63432375026707,42.451565001706
55.830958045405964,42.45138765669878
56.027761712072625,42.451254371265286
56.2244873000356,42.45114922101001
56.421302015313366,42.45105801673278
56.61783990188744,42.451001511511585
56.81461389378559,42.45097636585874
57.011545956285595,42.45097676644756
57.2083044273504,42.45097919749333
57.4049522236467,42.45099770918683
57.60162800026707,42.451030124127854
57.798385007211515,42.45107243759963
57.995393937767076,42.45112061622402
58.19192012642448,42.45115702701935
58.38867502920226,42.45118261321843
58.58572530466522,42.45120026380074
58.78243807086892,42.451207993273925
58.9792144111467,42.451203301395836
59.17578047596152,42.45118352257073
59.37278872827633,42.45113932237905
59.56953564147078,42.451061148291274
59.766104302350406,42.45095936257909
59.96272985790596,42.45083382003441
60.15965104077633,42.45068376989469
60.35635829193374,42.45050830699436
60.55303851647078,42.45030508668711
60.75007723753559,42.45005811332713
60.94665772827633,42.44977389191303
61.14347589262818,42.44945887081651
61.340156404202254,42.44911393531086
61.53698858823004,42.44873727215985
61.73386349563744,42.448329023034084
61.930536276887445,42.447879657744274
62.127129516470774,42.447388461402646
62.32406391809114,42.44686745441357
62.520624625267075,42.44631973559082
62.717603560452254,42.44574286958978
62.91420620628559,42.445140030392906
63.11096539147077,42.44451303742264
63.30786749679485,42.44386287943381
63.50457978614671,42.443185039143515
63.70127796207262,42.44248506076153
63.8980700048967,42.44175911334299
64.0948905037393,42.44102507127296
64.29143113452632,42.44027221609001
64.48841399448004,42.43951144734311
64.68516581392448,42.43874731656474
64.8819275662393,42.43797372055674
65.078693301193,42.437188232846076
65.27528993776707,42.4363884478849
65.47223772133188,42.43557846122449
65.66886586716522,42.43477340058258
65.86571760211892,42.43396364015238
66.06226336600781,42.43314900719338
66.259304426193,42.43232997589391
66.45597604887818,42.43151348564292
66.65278384170225,42.430702099885984
66.84946216461891,42.42988770061183
67.04603663684114,42.429070284606304
67.2430065998041,42.42824144636308
67.4395970673967,42.4274105500033
67.6365356310541,42.42657797356725
67.83326090998929,42.42574759542811
68.03010012179485,42.42493186489556
68.22658516346151,42.424120721892024
68.42342525142449,42.42329022998556
68.6203712548967,42.42244794164342
68.8170921912393,42.421614588388834
69.01363505466522,42.420779973380526
69.21054674448003,42.41994653201905
69.407352457443,42.41912664930564
69.60395123174855,42.41829105028648
69.8009440048967,42.417432777129655
69.99748122133188,42.41659031783389
70.19429902341521,42.41574179567844
70.39119725836892,42.414896396248295
70.58786376299855,42.41407186533675
70.78467536022077,42.41320323625212
70.98128702573004,42.41232410442505
71.17807172480411,42.41147571596653
71.37492711832263,42.41060414930483
71.57172657549854,42.40973383190542
71.76853616346152,42.40887927207254
71.96518919702633,42.40797452110127
72.16204208128559,42.407066975276585
72.35867624563744,42.406195896796
72.55545283707262,42.405292891083675
72.75214708591523,42.40438696103856
72.94905270165596,42.40347864231073
73.14560886022078,42.40253053481589
73.34258228614671,42.40161870921376
73.53922715073004,42.400708187870194
73.73592246091522,42.399736440235394
73.93267632549856,42.39879282050508
74.12938501299855,42.397829146120415
74.32633360674856,42.39689596748286
74.52310572480411,42.3958920239448
74.71985508707263,42.394898555763206
74.91661282086892,42.393906634814
75.1132584412393,42.39292411887337
75.31015162295226,42.391905986023524
75.50694014841523,42.3908421287554
75.70352869934115,42.389843128738946
75.90039624795226,42.38879014449814
76.09696793660966,42.38772762936224
76.29391038452633,42.38662868805747
76.49059104309114,42.385586176451056
76.68736521554486,42.38446436921105
76.8840715662393,42.383342370720754
77.08098994471152,42.38223262151476
77.27763317040596,42.38110909184697
77.47445078498929,42.37992849703624
77.67120349563744,42.37877938638008
77.86788664147078,42.37762091554551
78.06471284748929,42.376390019969556
78.26154427341521,42.375209941298436
78.45819213915597,42.37398514909002
78.6550822537393,42.37274571220566
78.85169858823002,42.37148408659186
79.048551894943,42.37025748168194
79.24520595744299,42.36891225933725
79.44203182318374,42.36769756984092
79.63888427804484,42.366323962722745
79.83551727225782,42.36499575905437
80.03214895165596,42.36370504561951
80.22891083938744,42.362238850146326
80.42564079077633,42.36096338613029
80.62250587063744,42.35945770469818
80.81919219934115,42.3580953456662
81.01613221901707,42.356662870816
81.21269281623928,42.35513812625415
81.40968353267448,42.35376799835648
81.60644970397078,42.352126461880815
81.80311291577632,42.35067304513482
81.99983243198002,42.34908388983614
82.19652395281337,42.34745184302889
82.39324475258188,42.34594952704087
82.59026053035967,42.34417999801949
82.78677881276707,42.342626820513324
82.98354851299855,42.34088397924857
83.18048917735041,42.33914324917879
83.37722669934114,42.33741987364754
83.57405202920226,42.33560895752253
83.77063165073004,42.333725512872434
83.96747737410966,42.33191632335041
84.16415896785966,42.329965014371396
84.36095482086893,42.32795196141364
84.55770742619299,42.326114948288364
84.7545542398504,42.32393194741642
84.95136884980411,42.32214703514988
85.14809336948004,42.320189774764835
85.34484358475781,42.31812666409411
85.54142621323004,42.316156490603504
85.7383896148504,42.31415744520809
85.9350931611467,42.31165854537199
86.13168973059115,42.30958793323575
86.32849834748929,42.30702180994667
86.5253442086004,42.30422773952342
86.72198219355411,42.30158787944608
86.91871444586893,42.29866278308013
87.11554619123929,42.29514374007119
87.3122417873041,42.29206733123683
87.5091528972578,42.28843646977682
87.70579102341522,42.284379472090684
87.9026328787393,42.28043840939516
88.09950472364669,42.276380823221736
88.29626662063744,42.27156493243402
88.49293035443374,42.26694763871107
88.68972531739671,42.26196419964412
88.88638698174854,42.25702499329308
89.08305682549856,42.25195903141464
89.27992667619299,42.24753053994552
89.47677074795226,42.24308188415896
89.67352988105411,42.23793887300244
89.87013635443373,42.23271493153004
90.0670119586004,42.22814434381744
90.26360374563744,42.22356430059438
90.46037327804484,42.21886932668392
90.65734424332263,42.21376816988196
90.85390378151708,42.20901345810953
91.05071343082263,42.20435789909898
91.24749509517449,42.19967120655076
91.44415555698004,42.19478739245805
91.64093516346152,42.1902907629215
91.83782371323004,42.18600110199541
92.0344672224893,42.18133311198094
92.23127543429484,42.176558560599744
92.42819174448003,42.17171655440454
92.62473440535966,42.167306283290195
92.82147875836893,42.16289685780771
93.01833886716521,42.15841698533525
93.21528276299856,42.153815949469845
93.41178795165597,42.149218936966285
93.60864841924855,42.14478051948906
93.80544675836892,42.140109535479375
94.00204710559113,42.135363649328234
94.1989371611467,42.13049084267319
94.39573002457264,42.125593889029986
94.59257484170224,42.12091325712622
94.78926691346152,42.116136861305314
94.9861129250356,42.11120388824995
95.18262777804483,42.10615794530539
95.37958857086893,42.10099342117917
95.57628251299856,42.09602829800148
95.77311487179485,42.09085030438481
95.96970257202634,42.085437611908254
96.16671381276707,42.0799131366328
96.3632942711004,42.074405764697794
96.56013954772078,42.069222944213635
96.75688780582263,42.06426346039865
96.95346966577632,42.05937938132832
97.15022930119298,42.05455910639339
97.34723702688741,42.04983957365944
97.54401902573002,42.0453759358527
97.74055079193374,42.04141265040107
97.93739688105408,42.038129362419625
98.13403872248928,42.035355070580685
98.33088407665593,42.032911402698694
98.52780978383187,42.03066140812439
98.7245936958689,42.02851259010408
98.92121291346152,42.02649572923561
99.11808489147077,42.02458716195272
99.31491750373927,42.02270887016368
99.51164103846152,42.02089869715782
99.70837169586892,42.019295741042924
99.90510404309113,42.01784513902297
100.10176795165596,42.01648557729576
100.29866007781335,42.01515306858459
100.49545087063743,42.013788661656655
100.69212202920224,42.012367276074336
100.88878040304485,42.010930044291825
101.08571914378557,42.00867976562216
101.28250157202632,42.00552969779926
101.47904461022075,42.002548404384015
101.67598668198002,41.999761579502305
101.87257241577632,41.99713354064669
102.06938063336891,41.99403533719108
102.2660279111467,41.98956618110328
102.46291509980409,41.98527089584994
102.6595342722578,41.981380191324924
102.85661096785965,41.97786743845251
103.0530552271189,41.97471162904664
103.25016619702633,41.97179649392912
103.44683394702632,41.968590906019834
103.64366568776705,41.9645516896731
103.84022835443373,41.96066779765033
104.03688869586891,41.957051701260774
104.23390337179484,41.953730840099716
104.4306780998041,41.95069749648122
104.62739689147075,41.947863040947006
104.82404615883186,41.944711966645954
105.02095896670224,41.940960010395344
105.21745582086892,41.937341264757286
105.41450515304484,41.93391720719905
105.61095617966521,41.930713094635266
105.80777434285964,41.92770917640222
106.00473146670224,41.92491279673855
106.20139371207262,41.92153869129266
106.39816130235039,41.91796602208419
106.59477192156335,41.91454892579408
106.79169351994298,41.91127437898831
106.98835778035965,41.908156310874574
107.18528014957262,41.90517676899548
107.38206785211891,41.90168783224235
107.5788066599893,41.89806002564437
107.7756965361467,41.89456557735722
107.97245017387817,41.89123870481831
108.16898567503557,41.88807191150323
108.36576877804484,41.88473068296786
108.56273084054483,41.88105013006499
108.75938314725781,41.87747127471963
108.95618840535964,41.87402355159047
109.15304007897075,41.87063784122926
109.34957890767446,41.866771545851854
109.54649591809113,41.86280386183964
109.74333139957263,41.85886667422721
109.93982434517447,41.85454237218598
110.13664284054485,41.85004135248316
110.33332865304483,41.84566848434575
110.53023351762816,41.84146173718541
110.72683043313742,41.83744016323545
110.92360680582262,41.83353684284554
111.12028439610039,41.82979655771123
111.31732718892447,41.826205948653
111.51386179077633,41.82276636708897
111.71065085443372,41.819459751683226
111.90775015767447,41.81622743300618
112.10437398869298,41.81310162156196
112.3011090234152,41.810097679116375
112.49793729887817,41.80718008247037
112.69440316693371,41.80435003597168
112.89127952110039,41.80159783944573
113.08812122248928,41.79892569112858
113.28499676647075,41.79633652919749
113.48152390767447,41.79380146243822
113.67831332897077,41.791294787721725
113.87513897711891,41.78886906309462
114.0719809447115,41.78650474269931
114.26883225258187,41.784181908672686
114.46549681276706,41.78189055387046
114.66234382665594,41.77964407031562
114.85870189378556,41.77744337107188
115.05547612989668,41.77528165656247
115.2524351461004,41.773175808851356
115.44915792387818,41.77109581070222
115.64575360674854,41.76903491314243
115.84253736832261,41.76701513328086
116.03962681276705,41.76500991231015
116.2360850072115,41.76304243167556
116.43307239147077,41.76108483825505
116.62962979887817,41.75917649115656
116.82671986832261,41.757267242889235
117.0234946021189,41.75541830252239
117.21999220628558,41.75359794187148
117.41685858360039,41.751785844537565
117.61354420860039,41.74998980925993
117.81052109517448,41.748224349172
118.00691246091522,41.746466979538766
118.20391593313742,41.74474087641966
118.40079954424853,41.74302001082507
118.59760518082261,41.74132576756592
118.7943474609152,41.739640086147205
118.99068018082261,41.73798825532565
119.18769764610039,41.73631987554737
119.3843792896189,41.734672118557654
119.58119504193371,41.73306424629921
119.77823780813743,41.73144356400611
119.97481205582262,41.72988713485409
120.17175498406336,41.72830109841816
120.36834347943372,41.72673122964598
120.56516777341521,41.72517095225359
120.7615996484152,41.72362416996942
120.95855551647075,41.722109771642636
121.15536384980409,41.720583294715254
121.35183726415593,41.719077728899485
121.54863941693372,41.7175687392197
121.74557492619297,41.716067711554395
121.94236162758187,41.71458627942215
122.13890092156335,41.713120984172136
122.33568949795225,41.711675213628844
122.5327431785078,41.71022562787657
122.72961128035965,41.70876623849036
122.92603209054482,41.707350183256736
123.12324600258188,41.70589065404344
123.31950494934114,41.70447863787007
123.51651595628557,41.70308075369705
123.71320797017447,41.70167727197504
123.90991525026706,41.70028980852685
124.10674739147076,41.6988935630658
124.30366382665595,41.69752667411551
124.50049845628558,41.69615141676341
124.69692465998928,41.69479848475383
124.89397895397077,41.693415936145534
125.09068840998927,41.69208873546278
125.28712376878558,41.69072899581548
125.48424145397077,41.68939391027343
125.6809825535078,41.68806149759906
125.87752003035965,41.68673824509279
126.07421640767446,41.685408984808205
126.27111213684114,41.68408858230585
126.46798962526707,41.68277731245151
126.66445786600781,41.681497623466946
126.86126770397077,41.680173008589804
127.05795989147076,41.67888570173262
127.25478962526705,41.6776113855672
127.45162096785965,41.676291762916634
127.64861617619299,41.675005142427075
127.84512141924853,41.67373426958936
128.0420029933226,41.67248498395162
128.2387293822115,41.67122378006293
128.43561324795223,41.66994253998797
128.63201293545225,41.668681898344964
128.8290224146189,41.6674395745179
129.02593601415595,41.666192286456905
129.22234013452632,41.664925987205905
129.41922856045224,41.663692482745326
129.61607770397077,41.66242167347407
129.81259861832262,41.66118963875885
130.0094549724893,41.659974766946604
130.20650336369297,41.658754332738354
130.4034555048967,41.657521498302245
130.599953676193,41.65631424057805
130.79690993776705,41.65508451529371
130.99343815535966,41.65387631812031
131.19009175489668,41.65267613918506
131.38704034285965,41.651449121995356
131.5835441275819,41.65024405718938
131.7803851461004,41.64902201388515
131.97744081739668,41.64783968808871
132.17369367619298,41.64665279231957
132.3706375535078,41.64548004488877
132.56753846785966,41.64427577485323
132.76421422017447,41.64307881059715
132.9609050998041,41.641896985627035
133.15759636137818,41.64068951164678
133.35456829424854,41.63949936512219
133.55116775026707,41.638334290900076
133.74831842156337,41.63717076917571
133.94482726415595,41.63600154425385
134.14187462526704,41.63483284729764
134.3386101345263,41.63365103743841
134.53541843313744,41.632479182939825
134.732043051193,41.63131628304651
134.9283151461004,41.630187560614964
135.1254911298967,41.62901706288541
135.32186799332263,41.627831978899465
135.51915001878558,41.62669157528286
135.71559651184114,41.62556135737423
135.91220788915595,41.62440136863764
136.10899138452632,41.623240010645844
136.3061437572115,41.62208870711571
136.50279453267447,41.620969652748194
136.69928003035966,41.619840541517405
136.8964537572115,41.61867636560089
137.0931735720263,41.6175404158493
137.28984137295225,41.61640568345832
137.48659137295223,41.61526838036619
137.68328682434114,41.614147671932514
137.88019504193375,41.613009635685316
138.0767434447115,41.61187135249122
138.273531801193,41.610751321226566
138.47042057434115,41.6096113758722
138.66722585211892,41.608482951278326
138.86377832897077,41.60736517146396
139.06064775026707,41.60623350197258
139.2572308984152,41.60511935174215
139.45378115304484,41.60399499511655
139.65076448637816,41.60284596006446
139.84762570165594,41.60172205955874
140.04407547017448,41.60061926807885
140.24126431276707,41.599481904803554
140.43806799332262,41.59835745495407
140.63470874563743,41.59725370345417
140.8314491275819,41.59614108625805
141.02789073637817,41.59505216278559
141.22472055119297,41.59395656800845
141.4218112572115,41.59284676433776
141.61877560906336,41.59170867154359
141.81494301647078,41.590584732490726
142.01202543545224,41.589511500104045
142.2089447294337,41.58839858511978
142.40577404656335,41.587301438537025
142.6024859099893,41.58620570465493
142.79899191693372,41.585093595580496
142.9958624609152,41.584011977690096
143.19233645397077,41.582888475168986
143.38909094471148,41.581801784769475
143.58625325952633,41.58070457946454
143.7828201808226,41.5796209034231
143.97932574795223,41.57852233262172
144.1764926345263,41.57743068003161
144.3733479123041,41.57632101191482
144.56977117619297,41.5752409056571
144.76641590998926,41.574146939720876
144.9634175998041,41.573052485116506
145.16034606045224,41.57198876436071
145.35673387295225,41.57089410928489
145.5538813498041,41.56984158247625
145.75039320165595,41.56877080707308
145.94719106045224,41.567693962445055
146.14369027341522,41.56662757562841
146.34040077110038,41.565557947532184
146.53767198637817,41.564471298525056
146.73433575952632,41.563425742558486
146.93114968313742,41.56233821941114
147.12812276184113,41.561295638860706
147.32452766924854,41.560241246628536
147.52102408128556,41.55920411192112
147.7183044285078,41.55812087914522
147.91508981045226,41.557045967769376
148.11162668545225,41.55602039281362
148.3083195211004,41.554993060714324
148.50508699795225,41.553915622157234
148.70204587526706,41.55283923781939
148.89822110674854,41.55181081874513
149.0953721484152,41.550761326088285
149.29219901184112,41.54969886641929
149.4887807711004,41.548669390019874
149.68586945165595,41.54762840783359
149.88228923174853,41.5465713824103
150.07931273869298,41.54554805482157
150.27614382665595,41.5444800232832
150.47241550489667,41.54349038359807
150.66955632665594,41.542457014904166
150.8661384910078,41.54139083331785
151.06325301647075,41.54037488694093
151.25979592156335,41.5393383570562
151.4566272873041,41.5383074154753
151.65313702110038,41.537248341624874
151.85007737989667,41.536245114610786
152.04676765767448,41.535194015454536
152.24325467156336,41.53416297504697
152.4403437572115,41.53312236709138
152.63684365304485,41.53211441351296
152.83378756508188,41.531087692307786
153.03030358360039,41.53008330732924
153.22705850258185,41.52911070626596
153.42420579424854,41.528069423756534
153.6207604123041,41.527044237003985
153.81785266924854,41.52603604790176
154.01412832897077,41.52502388126524
154.21090118776706,41.524037938991256
154.40757867619297,41.52300131856056
154.6048392548967,41.521992143942974
154.8013155396189,41.52097818568563
154.998112113693,41.51995226026486
155.19485735674854,41.518956783317414
155.3916620673967,41.517980476244254
155.58846321323003,41.51695858590323
155.78503315535963,41.51593361193232
155.9817133984152,41.51493190222489
156.17875384980408,41.51393036206107
156.37560769239667,41.51292442119123
156.57239115304483,41.51196497367958
156.76919820165594,41.510934121770795
156.9661245211004,41.509898256257436
157.1625855396189,41.50896533022927
157.359505863693,41.50797112464452
157.55578062063742,41.50696840008398
157.75255753035964,41.505964573192585
157.94971124563742,41.50497993475979
158.14660172017446,41.50401151229071
158.3427704123041,41.50301960556045
158.53990468313742,41.501978261991525
158.73647065535965,41.50101962825669
158.93303757665595,41.500045333273206
159.1302315234152,41.49906118680114
159.32672258823,41.49809263562983
159.52379343313743,41.49708896029151
159.72065704424853,41.496144486641846
159.91705038915595,41.49513628044755
160.1139249146189,41.49416012195347
160.31071307434112,41.49323501160889
160.50736721785964,41.49222807698087
160.70441272711892,41.49127621872111
160.9008178544337,41.49029537828484
161.09761548174856,41.48930806916948
161.29432001878558,41.48831763012819
161.49112352573002,41.48737338467581
161.68819023869298,41.48640634514092
161.88493446323002,41.48548427509225
162.08153316693372,41.48450438929227
162.2782134447115,41.483535779798935
162.47527520397077,41.48257968908683
162.67168285443373,41.481625039551226
162.86868334054483,41.48067082831928
163.06551172017447,41.47969417722018
163.26226405813742,41.47872841996257
163.45848354887815,41.47778875906958
163.65520595628558,41.4768588518823
163.85219634980407,41.47589004666716
164.04931109517446,41.47493466930118
164.24578719471148,41.473986353809295
164.44290247248927,41.47306801775207
164.63919445165592,41.472132598945045
164.83583971785964,41.47118108783009
165.03254953267447,41.47024527488313
165.22959520397075,41.469326045782914
165.42639857202633,41.468388136222686
165.62293342156335,41.46743972506064
165.81977684748927,41.46650804914805
166.01667477573002,41.46559203547248
166.21326694008187,41.464650704778634
166.41062123406334,41.46369767173679
166.60674055119298,41.46280049758497
166.80412902341521,41.46183467914126
167.0007303197115,41.46091312866148
167.19752695165596,41.46001320634434
167.39401729887817,41.45905184909914
167.590514613693,41.45814292684424
167.78740239147078,41.45721756541234
167.9844170558226,41.45633155354664
168.1814175072115,41.45543528895125
168.37767694008187,41.45453037522389
168.57473617619297,41.45358503048938
168.77139881508188,41.45266578080098
168.96800542387817,41.4518014853935
169.16497859517446,41.45087758259925
169.3614266160078,41.449957842200746
169.55858261137817,41.44910343070095
169.75492584054481,41.44817632273051
169.95168191693372,41.44727732402683
170.1486336646189,41.446394676020944
170.34546386137816,41.44549989850951
170.5424466160078,41.44462634445614
170.7390078544337,41.44370977854103
170.93589867619298,41.44280808919473
171.13228477573003,41.44188018534111
171.32946391924852,41.441010040272026
171.5263972410078,41.440095218421185
171.72270528498927,41.43923064455836
171.91950185906336,41.43832536277068
172.11632644239668,41.43742103797829
172.31346683591522,41.436514225890846
172.5096450072115,41.435644608635485
172.7067078197115,41.43475900277445
172.90342351415595,41.43389057263267
173.10017095628558,41.432998840131056
173.2966366623041,41.43211294481238
173.4933559910078,41.431208106711104
173.69020312063742,41.43033592231871
173.88716352573002,41.42944689376253
174.08360751878558,41.42855050510354
174.28046815535964,41.42767540481201
174.47731878035964,41.42682722189198
174.67382856045222,41.425938320121816
174.87115448637817,41.42504508987066
175.06765881508187,41.42421765154224
175.26456497248927,41.423353496341825
175.46095307434112,41.42247898505389
175.65800092156334,41.42160400959963
175.85466477573001,41.42075404368748
176.05123766924854,41.419896895106405
176.2479142433226,41.41904058952454
176.44478412758187,41.41816710980058
176.64183001878558,41.417302335992275
176.838930551193,41.41642234643606
177.03508596785966,41.41560326051628
177.2323425998041,41.41474972177044
177.42878116461893,41.41390568549698
177.62558093313743,41.41303458158545
177.82231187063744,41.41219376570186
178.01932101415593,41.41135528785586
178.2161484562856,41.410516040056876
178.41234810906334,41.40967542714008
178.60909751878557,41.40881670638683
178.80602163915594,41.4079762952398
179.00281731045223,41.407129971155726
179.2000385836004,41.40628034599703
179.39678052804484,41.40544901979956
179.59302160443372,41.404639965775004
179.78958213684115,41.40380363366621
179.98660481045223,41.40294503796622
180.1835829586004,41.40210899438223
180.38010381508187,41.4012813752433
180.57655492619298,41.400425106093856
180.7733670558226,41.39960081823769
180.97027456739667,41.398765947746654
181.16702137295223,41.39797011071606
181.36406391924854,41.39715160954284
181.5610799956374,41.39632525619017
181.7576657711004,41.39548877762366
181.9540696947115,41.3946686693573
182.1512203660078,41.393846144165146
182.3476566970263,41.39300449544101
182.5448988845263,41.39218814253076
182.7412641970263,41.39138255758372
182.93813487989667,41.39057533160895
183.13526023869298,41.38976915896708
183.33150722943373,41.38896695070008
183.5281391160078,41.388158806202256
183.72559237989668,41.38736803650819
183.92180775026705,41.38656002267024
184.11883507665596,41.385760564742945
184.3154320558226,41.38494254686695
184.5120242548967,41.38413388560738
184.7090644285078,41.38330490346218
184.90542971785965,41.382533337878215
185.10248834054482,41.3817309763128
185.29926063221149,41.38092983774466
185.4956638035078,41.3801475473391
185.69247477573,41.37935281733292
185.8897572410078,41.378560392136485
186.08613352573002,41.37777407080111
186.28261029656335,41.37698892195643
186.47948182434112,41.376211007516794
186.67634632665593,41.37541112901289
186.87360162758188,41.37463913582254
187.07017422017447,41.37385004196333
187.2664966623041,41.37307717417844
187.46374602573002,41.372286954233346
187.66003891924854,41.37150564292952
187.85722687063742,41.37073122583503
188.05404123406333,41.36996001706232
188.25065188221149,41.36918734949607
188.44714709054483,41.36841378366874
188.64433868776706,41.367646424280224
188.84054817850782,41.366883048358325
189.0380692896189,41.36609513606043
189.23423566693373,41.36532949620209
189.43126093313742,41.36456763701207
189.62801177804482,41.36379409954663
189.8249873683226,41.36301879374266
190.0218227849893,41.362243613254584
190.21813522711892,41.3614869589443
190.41523744934113,41.36071788464948
190.6118969169337,41.35995820970379
190.80859775026707,41.359194343337855
191.00500954424854,41.35841691636525
191.2016839771189,41.35767103148777
191.39920779656333,41.356903696525734
191.59575999563745,41.35614861739774
191.79207665073002,41.35539862004769
191.98893819008185,41.35463209826159
192.1855837224893,41.35388505097551
192.38292301647076,41.35313229233888
192.57956530813743,41.3523824225307
192.77577153498927,41.35163592423018
192.97262055119296,41.350887291701916
193.1696780396189,41.35013854165971
193.36654945165594,41.349396217220985
193.56285832897078,41.34866145293712
193.75977484517446,41.34792432571186
193.9569083058226,41.34719046913207
194.15303624563742,41.34645358466046
194.35001762295224,41.34572824612839
194.54730503035964,41.34501128437311
194.7434454123041,41.344290551656236
194.94012624563743,41.3435755986544
195.1373752618411,41.34285572796021
195.33431052804482,41.342134278909214
195.5307945211004,41.34142803359794
195.72748512295226,41.340733281659446
195.92415484517446,41.34005022758346
196.12139763452635,41.339360936872225
196.3180447410078,41.338678845970655
196.51463373406335,41.33802381293408
196.7116964771189,41.337387198309955
196.90800449795222,41.336762628353746
197.10495624563742,41.33614283375537
197.3013323683226,41.335556595783544
197.4985520095263,41.33498657378261
197.6954498683226,41.33442586802735
197.89178447480407,41.3339562467927
198.08906615304483,41.3335008363496
198.28545131508187,41.3331596915294
198.4825468359152,41.33293029061424
198.67866898869298,41.3328782414744
198.87552327110038,41.333056841947034
199.07238968313743,41.33300688556766
199.26943581739667,41.33265475335683
199.46608029656335,41.33216746654759
199.66259840998927,41.33161220282385
199.85929950952632,41.33100856304296
200.05652165073005,41.33036760224597
200.25303404656336,41.329702600942525
200.4499985951745,41.32901290558624
200.64617387295226,41.32829982844962
200.84349557434112,41.32756637434945
201.0398398336004,41.32681987426578
201.2370700072115,41.326055847275924
201.4337355396189,41.32527540004894
201.62993950952634,41.32448108991731
201.82741832897074,41.32366858128867
202.02363065535965,41.32284302827447
202.22106515767445,41.32199707146549
202.4170076461004,41.321135255034804
202.61389016924852,41.32025489138805
202.81063119934112,41.3193467654946
203.0078717433226,41.318412928558615
203.2044410720263,41.31745442899323
203.40093360674857,41.31646967140554
203.5979407711004,41.315443483978164
203.79514271554484,41.31438380480387
203.9913109562856,41.31327984189885
204.18793650026703,41.31211803830264
204.38471408128555,41.31090185246236
204.58136465998925,41.30966603988201
204.7785321484152,41.30847714109577
204.97512357202635,41.307332488039506
205.17186662758186,41.30625272501103
205.36865176647078,41.30519853382912
205.56542579424854,41.304143755588356
205.76219200952633,41.30312871838425
205.9590085836004,41.30214153844328
206.15598584054484,41.30115093033719
206.35245284285963,41.30020473171624
206.5494520095263,41.29928076774076
206.74640253035963,41.29834253963725
206.94276807434113,41.29745761389584
207.1396807711004,41.29652944480717
207.33664726415597,41.295653850339335
207.53318117619298,41.29474641339168
207.72960843313743,41.29388369043722
207.92623799332262,41.29299140851509
208.12335390767447,41.29213363246693
208.32036213684114,41.29125341808996
208.51659713684114,41.29040235558725
208.71389588684113,41.289544694007716
208.91062765767447,41.288686126353255
209.1067965349893,41.28782650205255
209.3041312572115,41.286966805376345
209.50078731045224,41.28612835251157
209.69752173174854,41.285263014702934
209.89416683591523,41.28440327800756
210.09143705582264,41.28354716184086
210.28818475258186,41.28270821938675
210.48507523869296,41.28183653719085
210.68183662758187,41.2810031263838
210.87818218313743,41.28015611580258
211.0747550419337,41.27930394294941
211.2712617664708,41.278444095806634
211.46834578267445,41.27759876246336
211.66479310906337,41.27674222169445
211.86220118776706,41.27590149961586
212.05848270397075,41.27505863914165
212.25528336369297,41.27421738487715
212.45242971785964,41.27339936649862
212.64889543545223,41.27254460499659
212.84551225258187,41.27172477371252
213.04224843313744,41.27086902283688
213.23912058591517,41.27004798117751
213.43619231045224,41.26919649978563
213.63270918545226,41.268374973324214
213.82969474100778,41.26752023734785
214.0264822873041,41.26670432355978
214.2233038035078,41.26586183262723
214.41956872248926,41.265045538859255
214.61640809748928,41.26421972273085
214.81326983360037,41.26339289122479
215.00960901184115,41.262554717946934
215.20657740304483,41.26172422859145
215.40361354887816,41.26087811215419
215.60011985674853,41.260046768708015
215.7971882248041,41.25921030336467
215.9941449609152,41.258375162917154
216.19024592156336,41.25754130782027
216.387356176193,41.25671054862906
216.58374361832264,41.25588496548327
216.78121551647075,41.25505388781934
216.9779112572115,41.25423848256796
217.17465176647076,41.25340624955989
217.37131166230407,41.252595315757574
217.56772873406337,41.25176243988066
217.7646636183226,41.250938725691945
217.96191343313743,41.250102542207216
218.15828457897075,41.24929614338201
218.35545471785963,41.248471192278046
218.5522020558226,41.24765448569602
218.74825905813745,41.246825185572945
218.94529994934112,41.246006017160184
219.14208765767444,41.24517745136375
219.3383653660078,41.24435806785247
219.53581764610038,41.24351986385397
219.73229150026702,41.24269942657102
219.92950462526704,41.24188495213689
220.12538828267446,41.24105672037401
220.3226455048967,41.24024122074076
220.51929165073,41.23940527136515
220.71620481045227,41.238580985978416
220.9124486646189,41.237743861545816
221.10987578267446,41.236923235556105
221.30672500721147,41.236085269592245
221.50311248406337,41.2352666195472
221.70007551647075,41.23442704718244
221.89689459054483,41.23360346864054
222.0937762572115,41.23277484532941
222.29007119934113,41.23194868986963
222.48691128035964,41.23112222921521
222.68368316693372,41.23029358826105
222.88066297017446,41.22947171419147
223.07724704424854,41.228641945317875
223.27370043545224,41.22782727670205
223.470273051193,41.22701186321371
223.6671945095263,41.226189440155764
223.8646693937856,41.22536694631061
224.06104651184114,41.224542598515356
224.25733854887815,41.22373378719245
224.4545513498041,41.22290935564791
224.6508691623041,41.22209095895485
224.84815788915594,41.22126459547671
225.04448639610038,41.22043880937281
225.24167993776706,41.219619095805456
225.4386737919337,41.21878587663926
225.63532006508186,41.217965349994934
225.83144340998928,41.21713689789384
226.02883564378556,41.21630870463792
226.22531189378557,41.215492951150395
226.42264640767445,41.21465912511923
226.61860406971152,41.21383899076651
226.8159618706374,41.21301096703222
227.01246641924854,41.21218032260993
227.20888243776707,41.211358870963295
227.40597666230408,41.21052913143629
227.6025116854522,41.20969873529668
227.79927320165592,41.208874822592804
227.99605935906334,41.208039881778824
228.19269346785964,41.2072059516454
228.39000696323,41.20637664896478
228.58689362989668,41.205537086901174
228.78327404656335,41.204703407811124
228.98006123406333,41.20386868618845
229.17722552804483,41.203022177877365
229.37383145397075,41.202184062476555
229.56994065535966,41.20135488674583
229.76657472943373,41.20051425274541
229.96383847943372,41.19966856135887
230.16094850258185,41.19882349405929
230.35716548174852,41.19797337565801
230.55360753035964,41.197126144173474
230.75048860674852,41.196283794606934
230.9471298336004,41.195433331247706
231.14468704424854,41.19457806918648
231.34067887295222,41.19373439485402
231.53809077110037,41.19287891148533
231.73442309748927,41.1920246212435
231.93173734517447,41.191171024314244
232.12839653498926,41.19031934360543
232.32456705582263,41.18946234229692
232.5213305396189,41.18860495177053
232.71881616461891,41.187744518111245
232.91519792387817,41.18687919362253
233.11243053961888,41.186011293592315
233.30858415073,41.185153235047125
233.50558051647073,41.184287856653505
233.70238549332262,41.18341884984341
233.89890548174856,41.182554211313644
234.09603366461891,41.181691290198614
234.29262347943373,41.18082594204432
234.48953409285966,41.17995499032915
234.68659597943372,41.17908469929755
234.88258209054482,41.17821842319557
235.07936527341522,41.1773411291197
235.27674490304483,41.176460322022294
235.47346152341518,41.175585635063484
235.67034159285964,41.17470333305333
235.8671658521189,41.17381787893434
236.06371757665596,41.172935825329674
236.25978866461892,41.172055631739376
236.45726006508187,41.17116255758744
236.6538637456374,41.17027268260067
236.8504717086004,41.16938531671843
237.04693823637814,41.16850068453263
237.2441575419337,41.16760670546264
237.44101212526704,41.16671048190896
237.6374415349893,41.16581777908365
237.83440726415594,41.16492500326586
238.03090430119298,41.164028852794445
238.22793993776705,41.163125118077055
238.42458262295224,41.16222312832618
238.62091845628558,41.16132277586728
238.81801688221148,41.16041651273085
239.01504292387816,41.15950171079486
239.21120240304484,41.158585243260234
239.40857435906335,41.157661233830574
239.60545165073,41.156735039553226
239.80204547017445,41.155801263017544
239.99857506508187,41.154863767452916
240.19526579424854,41.15392396406549
240.39234622248927,41.15298015451858
240.5890921831374,41.152030116014686
240.78571402341518,41.15107341406956
240.98240819008188,41.15011433638898
241.17935411600777,41.149154557898946
241.37573551647074,41.14819673313204
241.57264953267443,41.14723102585051
241.76921460211892,41.14626430697958
241.96648917387816,41.14529617960754
242.16250886137817,41.14433855963644
242.35928320165593,41.14337919203588
242.55680962526705,41.14241344176651
242.7529834447115,41.14145386581491
242.94978542387815,41.14049568624163
243.14713279656337,41.13954091565334
243.34385711369296,41.13859160781183
243.54087652341522,41.137638688270876
243.7369696021189,41.13669065620204
243.93411672017444,41.135740047934924
244.13107269239666,41.13479499290378
244.32765070165593,41.13385181898469
244.5247475535078,41.132902060570004
244.72107993776706,41.1319544734572
244.91754128035964,41.13100886421475
245.11502612989668,41.13006291192791
245.3111580396189,41.129125428227965
245.50792801647074,41.12818170307423
245.70515047017446,41.127232655251426
245.90157417387817,41.12628817337034
246.09812815535963,41.12534587409768
246.29467475258187,41.12440756464539
246.4921563845263,41.123464948440564
246.68835710211889,41.12252801115963
246.8853190234152,41.1215903777256
247.0819419748041,41.12066011398721
247.27923950952632,41.119734203616765
247.4751554470263,41.11881883535465
247.67177586369297,41.11789821888291
247.86913871091522,41.116975414254824
248.06530056276708,41.11606292421512
248.2623756437856,41.11515273773337
248.45947714841517,41.11424942167245
248.65575571323,41.1133523499547
248.85236334054483,41.11245378828937
249.0494693706374,41.111554426099566
249.24627352573003,41.11066214104361
249.4429722641559,41.10977620552146
249.6397677271189,41.1088949152669
249.83686577110038,41.108012656420314
250.03348346785964,41.10713061096002
250.2298133173967,41.10625119246886
250.4270356322115,41.10536947754376
250.62332739147075,41.10449553862628
250.82084610674852,41.10362102706398
251.01669334054483,41.10275443616278
251.21401779656335,41.101878557516685
251.4108673683226,41.10100194099609
251.6072867086004,41.100128233964334
251.80434775026703,41.099254003046156
252.0010103081374,41.09838423958126
252.19831551647076,41.09751521030846
252.3940768243411,41.09665083372257
252.59145864147075,41.09577473859708
252.78822160443372,41.09489847232853
252.98535526184114,41.09401988177886
253.1816375072115,41.09314774872664
253.37804088684112,41.09227806892439
253.5755511646189,41.091403148699605
253.77177162758184,41.09052949985872
253.96879457897074,41.089649310853886
254.16532409285966,41.08877152850034
254.36232500721152,41.08789239577998
254.5584839423967,41.087019274971176
254.75590596785966,41.08614343568164
254.95213291230408,41.08527390842466
255.14927123406335,41.084396959331805
255.34600963684113,41.08351622493096
255.54331983360038,41.08263097896887
255.73991368776703,41.0817482771104
255.93678029656337,41.08086608633444
256.13267117619296,41.079991364369654
256.3297105048967,41.07911212127709
256.5266800766559,41.07823031916244
256.72350448637815,41.07734479576908
256.92012976415594,41.076457398939944
257.1165236646189,41.075570162462796
257.3137496368411,41.07467999225431
257.51072984517447,41.0737939527487
257.70749596785964,41.07291127796163
257.9040994748041,41.07203028155905
258.1006105974893,41.071145139259066
258.29711717156334,41.070254927439784
258.4937235604522,41.06936217503319
258.69054956739666,41.068467298445164
258.8877294748041,41.06757212727665
259.0843826461004,41.066680857702494
259.28067403498926,41.06579418516331
259.47780156971146,41.06490346332719
259.6749164192485,41.06400820570936
259.87117426647075,41.06311218646871
260.06778508823004,41.06221105731584
260.26493244934113,41.06130395989155
260.4617596484152,41.06039367247593
260.6584282711004,41.059480228531505
260.85508806276704,41.05856581031119
261.0518751345263,41.057650911361414
261.24891031971146,41.05673392103424
261.4452267896189,41.05581657374354
261.64196483360035,41.05489356857925
261.83919028498923,41.053964216133025
262.0358523451745,41.05303277324948
262.2330558173967,41.05209620028564
262.4296905743411,41.05116145009903
262.62571426647077,41.050230814472506
262.8233331322115,41.049295126904454
263.02023600258184,41.048366170330084
263.21632638452627,41.04744613886552
263.41265225258184,41.0465298312397
263.6102788729522,41.04561227442196
263.80676630350774,41.04470366175204
264.00314705582264,41.043799687812076
264.20046915073004,41.04289622036304
264.39741338684115,41.04199874276095
264.5938276692485,41.04110764115617
264.79075114147076,41.04021659319249
264.9868357595263,41.03933128973379
265.18431743776705,41.03844241788246
265.3806460720263,41.03756167858931
265.57805827110036,41.03667890568348
265.7740076923967,41.03580474730166
265.97073525026707,41.03492943820366
266.1680915697115,41.03405330147102
266.3647516623041,41.03318236757987
266.56177537758185,41.03231264962704
266.757872426193,41.0314493995262
266.95528662758187,41.030582358905946
267.15159313221153,41.029721420882005
267.3478915581374,41.02886138963434
267.54527150026706,41.02799827452673
267.7414011067485,41.02714246454916
267.93854218313743,41.02628464271813
268.13554993776705,41.02542963192043
268.3324411298967,41.02457678178429
268.5292495211004,41.02372604447364
268.7260251345263,41.02287715324195
268.9228335373041,41.02203029190681
269.11866351415597,41.021190251538734
269.3157968359152,41.020346739465026
269.5121611646189,41.01950895214936
269.7089657479522,41.01867138639893
269.90633997248926,41.01783344606656
270.1033485604522,41.01699914786925
270.30014487989666,41.016167744623274
270.4968871484152,41.015338837925015
270.69266131508186,41.014515855534505
270.88978297017445,41.013689154834296
271.086261812767,41.01286695139805
271.2833366738782,41.01204456296063
271.4800783058226,41.01122632522265
271.67662640767446,41.01041143776867
271.87421079424854,41.00959466868584
272.070753676193,41.00878469719334
272.26745361832263,41.00797674346836
272.46440030813744,41.00717090418233
272.66053687063743,41.006371432808294
272.85817622248925,41.00556882029181
273.05393896554483,41.00477635085616
273.2512709447115,41.00397978055875
273.4478720905448,41.003188508102674
273.64488313221153,41.002397354487115
273.8410925998041,41.00161115725399
274.0388238729522,41.0008211663517
274.23443476415594,41.000041768564934
274.4314428544337,40.999259495347346
274.6285698336004,40.99847875580468
274.82572096785964,40.9976999048152
275.02155565535963,40.99692780720179
275.2184228312856,40.99615248920688
275.4162182595263,40.995374645573165
275.61232439378557,40.994604801309706
275.809104301193,40.993833624089156
276.0064310720263,40.993061912834214
276.20291119934114,40.992294533064246
276.3996650535078,40.99152680073525
276.5965550072115,40.99075894099473
276.7934423220263,40.989990529724174
276.99018905813745,40.98922235845973
277.1866603544337,40.988455018806995
277.3827267896189,40.9876891106234
277.57951802804484,40.9869209278646
277.7769083521189,40.98615044867424
277.97353743776705,40.9853827458871
278.1705494516559,40.984612824592
278.36661783128557,40.98384533175505
278.56412477573,40.98307096327674
278.76054643082256,40.98229944618178
278.95705651184113,40.98152592899017
279.1536130859152,40.98075096585121
279.3501887687856,40.97997391197606
279.54795862989664,40.97918997728998
279.7445417664707,40.97840862393965
279.9411492548967,40.97762480214543
280.13781096785965,40.97683889676844
280.33457020397077,40.976050526191266
280.5314830743411,40.9752594105049
280.727467750267,40.97446996465842
280.9249097873041,40.97367192906692
281.1216036183226,40.97287460659367
281.31880004193374,40.97207257745893
281.51547427804485,40.97126968230659
281.71175271554483,40.97046593602526
281.90889923174853,40.96965537310549
282.1047840812856,40.96884762503713
282.30181305119294,40.968032609426665
282.49899867619297,40.96721400105935
282.69535185906335,40.96639652432509
282.8921505396189,40.96557423192714
283.0895393243411,40.96474705225045
283.28536579424855,40.96392358695809
283.4831958521189,40.96308854707919
283.67970104887814,40.96225627380707
283.8761331669337,40.961421098437874
284.0725856322115,40.96058314183641
284.2691402734152,40.95974207971747
284.4670560604522,40.9588925783975
284.66282176647076,40.95804977063436
284.86004904656335,40.95719806575793
285.05636206739666,40.956347965212736
285.25297462526703,40.955493802390464
285.44988886137816,40.95463588547215
285.6470935141559,40.953773797432405
285.8433095095263,40.95291338691793
286.04099912758187,40.95204390069089
286.2375946831374,40.951176804544566
286.4342900072115,40.95030735035966
286.63101366461893,40.94943533743027
286.82768434748925,40.94856200819241
287.02421187063743,40.947687038394825
287.22181015767444,40.94680536501296
287.417756801193,40.94592969679575
287.6145703891559,40.94504815596047
287.8121509447115,40.94416209558834
288.00772633823,40.94328357473351
288.20517042387814,40.942395751607336
288.40170038915596,40.941510894451774
288.59853082897075,40.940623334422085
288.79554133823,40.939733782400886
288.9926101461004,40.93884198837406
289.1882757248041,40.93795526320271
289.3850988035078,40.93706189237212
289.5829573798967,40.93616291890253
289.77906508823,40.9352710369711
289.97598310906335,40.93437463839364
290.172276500267,40.93348046529707
290.3691741970263,40.932582634288444
290.5665796484152,40.9316820319246
290.763097576656,40.9307846083025
290.9599693474893,40.92988530109875
291.15583391924855,40.92898988161278
291.353229301193,40.92808695234173
291.5495305048967,40.92718853396135
291.7472703660078,40.92628271077632
291.94387614147075,40.925381908917366
292.1406177734152,40.924479559768116
292.33749751878554,40.923576222878125
292.5332854817485,40.92267722856315
292.73050055119296,40.921771041237044
292.9266973451745,40.92086900390418
293.12439004193374,40.919959303302385
293.32117881508185,40.919053285687724
293.5171452271189,40.91815025341836
293.71479815535963,40.917239299111024
293.9105885488782,40.91633662048776
294.1082391160078,40.91542513596521
294.3042365697115,40.91452092655236
294.50109851415596,40.91361233523611
294.6977383752671,40.912704389621084
294.8942766970263,40.911796182279
295.0920359447115,40.910882011645704
295.28874584054483,40.90997170069659
295.4845303197115,40.90906526048477
295.68191959054485,40.908150713437514
295.8786330859152,40.90723865231199
296.01563677804484,40.906603127917805
